<?xml version="1.0" encoding="UTF-8"?>
<!DOCTYPE configuration
  PUBLIC "-//mybatis.org//DTD Config 3.0//EN"
  "http://mybatis.org/dtd/mybatis-3-config.dtd">
 
<configuration>
	<!-- 자동으로 카멜케이스 규칙으로 변환 -->
	<settings>
		<setting name="mapUnderscoreToCamelCase" value="true"/>
	</settings>
      <!--
            VO를 선언하여  mybatis/sql/하위의 쿼리들을 실행할때 resultType, parameterType에 
 풀 패키지명을 쓰지 않고 선언한 alias의 이름만 사용하여 VO를 주고 받을 수 있도록 해줌.
            
            **** 예시  ****    
            mybatis/mybatis-config.xml
            <typeAlias alias="TestVO" type="com.hee.heechart.VO.TestVO"></typeAlias>
            
            mybatis/sql/test.xml
             *alias를 선언했을 때
             <select id="getShowroomList" resultType="TestVO" parameterType="TestVO">
                  SELECT * FROM TableName WHERE ColumnName = #{parameter}
             </select>
      
             *alias를 선언하지 않았을 때
             <select id="getShowroomList" resultType="패키지명.TestVO"
                  parameterType="om.hee.heechart.VO.TestVO">
                  SELECT * FROM TableName WHERE ColumnName = #{parameter}
             </select>
      -->
      
      <typeAliases>
      		<!-- <typeAlias alias="MemverVO" type="com.team.Project.domain.MemberVO"></typeAlias> -->
            <!-- <typeAlias alias="TestVO" type=""></typeAlias> -->
            <!-- <typeAlias alias="MemberVO" type="com.team.Project.join.domain.MemberVO"></typeAlias>
        	<typeAlias alias="MemberDTO" type="com.team.Project.join.domain.MemberDTO"></typeAlias>
        	<typeAlias alias="MemberDao" type="com.team.Project.join.dao.MemberDao"></typeAlias>
        	<typeAlias alias="MemberDaoImpl" type="com.team.Project.join.dao.MemberDaoImpl"></typeAlias> -->
        	<!-- <typeAlias alias="Users" type="com.team.Project.vo.Users"></typeAlias>
        	<typeAlias alias="Role" type="com.team.Project.vo.Role"></typeAlias> -->
        	
      </typeAliases>
 
 
</configuration>


