<?xml version="1.0" encoding="UTF-8"?>
<Configuration>

	<!-- 참고) 전자정부 프레임웍 메뉴얼 : https://www.egovframe.go.kr/wiki/doku.php?id=egovframework:rte3:fdl:logging:log4j_2 
		https://www.egovframe.go.kr/wiki/doku.php?id=egovframework:rte3:fdl:%EC%84%A4%EC%A0%95_%ED%8C%8C%EC%9D%BC%EC%9D%84_%EC%82%AC%EC%9A%A9%ED%95%98%EB%8A%94_%EB%B0%A9%EB%B2%95 
		############# log4j pattern(패턴) ############## %p : 로그 레벨(debug, info, warn, 
		error, fatal)의 priority(디버깅시 출력 우선권)가 출력됨. %level %m : 로그 내용이 출력. %msg, %message 
		%d : 로그 이벤트가 발생한 시간을 기록. %date ex) %d{HH:mm:ss, SSS}, %d{yyyy MMM dd HH:mm:ss, 
		SSS} : Java의 SimpleDateFormat의 클래스에 따른 포맷(format) 적용 - %d{ABSOLUTE} - %d{DATE} 
		- %d{ISO8601} %t : 로그 이벤트가 발생된 스레드(thread)명을 출력. %thread %% : % 표시 출력. %n 
		: 플랫폼 종속적인 개행문자(줄바꿈)가 출력. %c : 카테고리(category)를 표시. %class ex) 카테고리가 a.b.c 
		처럼 되어있다면 %c{2}는 b.c가 출력. %C : 클래스명(class)을 표시. ex) 만약 클래스의 패키지 구조가 com.teamteam.project.DemoClass 
		라고 한다면 %C{2}는 project.DemoClass 가 출력됨. %F : 로그가 발생한 프로그램 파일(File)명. %l : 
		로그가 발생한 호출자(caller)의 정보. %L : 로그가 발생한 호출자(caller)의 라인수(line)를 나타냅니다 %M : 
		로그가 발생한 메서드(method) 이름을 나타냅니다. %r : 프로그램 시작 이후 부터 로그가 발생한 시점의 시간(milliseconds 
		: 밀리초) %x : 로그가 발생한 스레드(thread)와 관련된 NDC(nested diagnostic context)를 출력. 
		%X : 로그가 발생한 스레드(thread)와 관련된 MDC(mapped diagnostic context)를 출력. %X{key} 
		형태. 참고) NDC & MDC : https://cwiki.apache.org/confluence/display/LOGGINGLOG4J/NDCvsMDC 
		http://egloos.zum.com/charmpa/v/2543451 - 공백(whitespace) 패딩 관련 %5p : 우측 정렬로 
		로그 레벨을 남김. 로그 레벨이 5글자가 안되면 왼쪽에 공백을 추가하여 5글자 맞춤. %-5p : 좌측 정렬. %enc : 문자 인코딩 
		%encode %ex, %exception, %throwable : 예외처리 로그 -->

	<Properties>

		<Property name="LOG_PATH" value="D:/log/Project" />

		<Property name="layoutPattern">
			%d{yyyy-MM-dd HH:mm:ss.SSS} [%-5p] [%C] [%t] [%l{36}] -- %m%n
		</Property>

	</Properties>

	<Appenders>

		<Console name="ConsoleAppender" target="SYSTEM_OUT">
			<PatternLayout pattern="${layoutPattern}" />
		</Console>

		<RollingFile name="FileAppender"
			fileName="${LOG_PATH}/${date:YYYY-MM-dd}/Project.log"
			filePattern="${LOG_PATH}/${date:YYYY-MM-dd}/Project_%d{yyyy-MM-dd-HH-mm-ss}_%i.log">

			<PatternLayout pattern="${layoutPattern}" />

			<Policies>

				<SizeBasedTriggeringPolicy size="50 KB" />
				<!-- 개별 파일 한계량 trigger 50 KB가 되는 시점에서 위에서 지정한 파일 패턴(filePattern)으로 압축 
					저장 -->

				<TimeBasedTriggeringPolicy interval="1" />
				<!-- 1초 간격으로 trigger 롤링 : 압축 저장 -->

			</Policies>

			<!-- 요소를 제거하기 전에 10개의 파일을 유지하는 전략. fileIndex="min" 설정시 작은 index가 최신 파일로 
				설정됨 10개에 도달하면 삭제 -->
			<DefaultRolloverStrategy max="10"
				fileIndex="max" />

		</RollingFile>

	</Appenders>

	<Loggers>

		<Logger name="org.springframwork" level="info"
			additivity="false">
			<AppenderRef ref="ConsoleAppender" />
			<AppenderRef ref="FileAppender" />
		</Logger>

		<Logger name="org.springframwork.security" level="info"
			additivity="false">
			<AppenderRef ref="ConsoleAppender" />
			<AppenderRef ref="FileAppender" />
		</Logger>
		
		<Logger name="com.team.Project" level="info" additivity="false">
			<AppenderRef ref="ConsoleAppender" />
			<AppenderRef ref="FileAppender" />
		</Logger>


		<!-- ///////////////////// logf4jdbc //////////////////// -->
		 		
		<Logger name="jdbc.sqltiming" additivity="false">
			<Level value="warn" />
			<AppenderRef ref="ConsoleAppender" />
			<AppenderRef ref="FileAppender" />
		</Logger>

		<Logger name="jdbc.sqlonly" additivity="false">
			<Level value="info" />
			<AppenderRef ref="ConsoleAppender" />
			<AppenderRef ref="FileAppender" />
		</Logger>

		<Logger name="jdbc.audit" additivity="false">
			<Level value="warn" />
			<AppenderRef ref="ConsoleAppender" />
			<AppenderRef ref="FileAppender" />
		</Logger>

		<Logger name="jdbc.resultset" additivity="false">
			<Level value="warn" />
			<AppenderRef ref="ConsoleAppender" />
			<AppenderRef ref="FileAppender" />
		</Logger>

		<Logger name="jdbc.resultsettable" additivity="false">
			<Level value="info" />
			<AppenderRef ref="ConsoleAppender" />
			<AppenderRef ref="FileAppender" />
		</Logger>
		 
		<!-- ////////////////////////////////////////// -->
		
		<Root level="info" additivity="false">
			<AppenderRef ref="ConsoleAppender" />
			<AppenderRef ref="FileAppender"/>
		</Root>
		
	</Loggers>

</Configuration>