<?xml version="1.0" encoding="UTF-8"?>
<beans:beans
	xmlns="http://www.springframework.org/schema/mvc"
	xmlns:xsi="http://www.w3.org/2001/XMLSchema-instance"
	xmlns:beans="http://www.springframework.org/schema/beans"
	xmlns:context="http://www.springframework.org/schema/context"
	xsi:schemaLocation="http://www.springframework.org/schema/mvc https://www.springframework.org/schema/mvc/spring-mvc.xsd
		http://www.springframework.org/schema/beans https://www.springframework.org/schema/beans/spring-beans.xsd
		http://www.springframework.org/schema/context https://www.springframework.org/schema/context/spring-context.xsd">

	<!-- 필히 기재 : configuration -->
	<context:annotation-config />

	<!-- DispatcherServlet Context: defines this servlet's request-processing 
		infrastructure -->

	<!-- Enables the Spring MVC @Controller programming model -->
	<annotation-driven />

	<!-- Handles HTTP GET requests for /resources/** by efficiently serving 
		up static resources in the ${webappRoot}/resources directory -->
	<resources mapping="/resources/**" location="/resources/" />

	<!-- webjars -->
	<resources mapping="/webjars/**"
		location="classpath:/META-INF/resources/webjars/" />

	<!-- Resolves views selected for rendering by @Controllers to .jsp resources 
		in the /WEB-INF/views directory -->
	<beans:bean
		class="org.springframework.web.servlet.view.InternalResourceViewResolver">
		<beans:property name="prefix" value="/WEB-INF/views/" />
		<beans:property name="suffix" value=".jsp" />
	</beans:bean>
	
	<context:component-scan base-package="com.team.Project.controller" />
	
	<beans:bean id="multipartResolver" 
	class="org.springframework.web.multipart.support.StandardServletMultipartResolver">
	</beans:bean>
 
	<context:component-scan
		base-package="com.team.Project">
		<context:include-filter type="annotation"
			expression="org.springframework.stereotype.Component" />
		<context:include-filter type="annotation"
			expression="org.springframework.stereotype.Repository" />
		<context:include-filter type="annotation"
			expression="org.springframework.stereotype.Service" />
		<context:include-filter type="annotation"
			expression="org.springframework.stereotype.Controller" />
		<context:include-filter type="annotation"
			expression="org.springframework.web.bind.annotation.RestController" />
	</context:component-scan>

</beans:beans>
